Nombre de la base de datos,Diccionario (Si/No),Fuente,Autor,Mantenedor,Ultima actualizacion,Fecha de creacion,Periodo de actualizacion,Proxima actualizacion,Etiquetas,Organizacion de origen,Grupos,Formatos,Licencia,Descripcion de la base de datos,_id_ckan,_metadata_modified_raw
Matricula Universidad Politécnica de Apodaca,Si,,Universidad Politécnica de Apodaca,Karen Migdalia Juárez Soto,2026-08-26,2026-06-15,Cuatrimestral,Agosto 2026,,Universidad Politécnica de Apodaca,Educación,CSV,Open Data Commons Attribution License,Concentrado del Alumnado de la Universidad Politécnica de Apodaca ,dadfe381-e28a-4c48-a382-e02fdb163452,2026-08-26T17:17:42.176192
Atenciones Ciudadanas,Si,,Instituto Registral y Catastral del estado de Nuevo León,José Eligio Castro Colunga,2026-08-26,2026-07-28,mensual,junio 2026,atencion ciudadana,Instituto Registral y Catastral del Estado de Nuevo León,Atención Ciudadana; Transparencia y Combate a la Corrupción,CSV,Open Data Commons Attribution License,"Frecuencia de atenciones a usuarios brindadas por el Instituto Registral y Catastral de Nuevo León durante el 2026

",3e66faca-5615-482a-a890-fb4c94011fef,2026-08-26T16:31:01.014505
Conciliaciones Laborales,Si,,Jefatura de Informática,Alejandra Arellano,2026-08-24,2026-02-23,Mensual,AGOSTO 2026,conciliacion,Centro de Conciliación Laboral,Administración y Finanzas,CSV,Open Data Commons Attribution License,Conjunto de datos que contiene información sobre los procedimientos de conciliación laboral realizados ante la autoridad competente en materia laboral.,6120e6bb-dd0c-40fd-8e3f-aaf134f4ea85,2026-08-24T19:42:08.235165
Contrataciones Abiertas de la Dirección General de Adquisiciones y Servicios,No,,Dirección General de Adquisiciones y Servicios,Alejandra Mariana Torres y Adolfo Alanis Vázquez ,2026-08-24,2024-11-11,Semanal,22 de Septiembre,Administración; Compras; EDCA; contrataciones abiertas,Secretaría de Administración,Administración y Finanzas,"JSON, URL",Creative Commons Attribution,JSON con la información de la Dirección General de Adquisiciones y Servicios de la Secretaría de Administración conforme al Estándar de Datos para las Contrataciones Abiertas (OCDS/EDCA) en materia de contratación pública.,3d21eab2-f620-4d18-8055-78e13836cc6a,2026-08-24T15:16:11.542448
PIB Agroindustrial por Entidad Federativa 2022-2024,Si,https://www.inegi.org.mx/app/tabulados/pxwebclient/default.html?pxq=BISE_BISE_tkkYjWW3_260114125651_def3a64a-0b1c-48d2-a3cf-14709a14f44f,Unidad de Enlace de Proyectos e Información Sectorial,Jair Zamuel García Ortiz,2026-08-17,2026-02-20,Anual,Enero 2027,Agroindustria; PIB,Secretaría de Desarrollo Regional y Agropecuario,Agroalimentario,CSV,Open Data Commons Attribution License,Conjunto de datos que muestra el PIB Agroindustrial y los subsectores que lo componen por entidad federativa correspondiente al periodo del año 2022 al 2024.,ddbaf423-b6fe-4fe5-bc92-1004be4f8168,2026-08-17T23:29:53.680322
Directorio de Planteles CECyTENL,Si,,Dirección de Planeación y Evaluación,Mariel Montes López,2026-08-17,2026-02-19,Semestral,enero 2027,Directorio de Planteles del CECyTENL; educacion,Colegio de Estudios Científicos y Tecnológicos del Estado de Nuevo León (CECyTENL),Educación,CSV,Open Data Commons Attribution License,"Listado oficial que concentra la información de los planteles pertenecientes al Colegio de Estudios Científicos y Tecnológicos del Estado de Nuevo León, CECyTENL",4a0e8b04-c1f4-4482-810e-3bee54a1c37b,2026-08-17T20:47:03.652539
Personas servidoras públicas del Gobierno del Estado de Nuevo León.,Si,,Dirección Central de Capital Humano,,2026-08-10,2024-08-02,Anual,agosto 2026,Administración; nomina; transparencia,Secretaría de Administración,Administración y Finanzas; Perspectiva de Género e Interseccionalidad,CSV,Open Data Commons Attribution License,"Conjunto de datos que contiene la información sobre las personas servidoras públicas de las dependencias del Gobierno del Estado de Nuevo León categorizada por sexo, puesto y percepción salarial.",ae22c2a0-5530-4552-ab32-3e360f8bdf69,2026-08-10T15:51:15.352858
Matricula Total de la Universidad,Si,,Subdirección de Escolar,Michelle Drouaillet Quiroz,2026-08-06,2026-03-05,Anual,Septiembre 2027,Educacion,Universidad Tecnológica Gral. Mariano Escobedo,Educación,CSV,Open Data Commons Attribution License,Historio de matriculas del 2022 al 2025 de la Universidad Tecnológica Gral. Mariano Escobedo ,9d11a36d-1319-4be5-ac6e-5aec36e3ab7d,2026-08-06T16:18:29.711024
"Estadística de quejas, peticiones, sugerencias y/o reconocimientos del sistema OpinaRed",Si,,Dirección de Transparencia Gubernamental,Carlos Garza,2026-08-04,2024-08-02,Trimestral,marzo 2026,Transparencia,Contraloría y Transparencia Gubernamental,Asistencia Social; Transparencia y Combate a la Corrupción,CSV,Open Data Commons Attribution License,"Conjunto de datos estadísticos que contiene las opiniones ciudadanas del sistema OpinaRed que se han recibido en determinado tiempo.

El sistema OpinaRed es una herramienta que sirve para que la ciudadanía emita su opinión (queja, sugerencia, petición y/o reconocimiento) de los trámites y servicios brindados por Gobierno del Estado de Nuevo León.",c2ebe7a6-d56a-4646-a816-ac5be728c9a4,2026-08-04T19:48:03.798255
Atenciones del 070 por canal,Si,,Dirección de Innovación,Raúl Chapa Bautista,2026-08-04,2024-08-02,Mensual,julio 2026,Atención ciudadana; Participación ciudadana,Sistema de Atención Ciudadana 070,Asistencia Social; Atención Ciudadana; Participación; Transparencia y Combate a la Corrupción,CSV,Open Data Commons Attribution License,"Atenciones del 070 segmentadas por día y por canal: telefónico, digital o presencial",c81d0b73-8aa5-44a1-aecd-868154fc1ff2,2026-08-04T17:23:19.250135
Hecho por Tipo de Violencia,Si,,Dirección de Inteligencia Social y Sistema Multifuente,Ivonne Hernández Salazar,2026-07-29,2026-04-24,Trimestral,octubre 2026,Reportes_BANAVIM,Secretaría de las Mujeres,Perspectiva de Género e Interseccionalidad; Seguridad,CSV,Open Data Commons Attribution License,Base de datos extraída del BAESVIM que contiene el registro estadístico de los casos de violencia clasificados por tipo.,592f55d9-b967-48d9-9c29-3cd196d09781,2026-07-29T22:09:57.625164
LOTES REGULARIZADOS CONTRATADOS,Si,,Unidad de Planeación y Proyectos Estratégicos ,Fernando Israel Aguilar Romero,2026-07-29,2026-07-29,Semestral,Enero 2027,certeza jurídica; regularización de la tenencia de la tierra; vivienda,Instituto de la Vivienda,Asistencia Social; Infraestructura,CSV,Open Data Commons Attribution License,"Información sobre los lotes regularizados y contratados en el Instituto de la Vivienda de Nuevo León por municipio y periodo, así como las personas beneficiarias.",d5765eb4-015f-4f2d-9fce-45ae4f2cd50b,2026-07-29T20:03:41.254150
SUBSIDIO AYUDAMOS A TU HOGAR,Si,,Unidad de Planeación y Proyectos Estratégicos ,Fernando Israel Aguilar Romero,2026-07-29,2026-07-29,Semestral,Enero 2027,Ayudamos a tu Hogar; Subsidios; apoyo social; vivienda,Instituto de la Vivienda,Asistencia Social; Infraestructura; Transparencia y Combate a la Corrupción,CSV,Open Data Commons Attribution License,"Base de datos con información sobre los subsidios otorgados por el Instituto de la Vivienda de Nuevo León mediante el programa Ayudamos a tu Hogar, por municipio y periodo, así como las personas beneficiarias.",ee24b1ff-28e2-4135-a5c6-5c0b36e23284,2026-07-29T20:01:26.127568
LOTES ASIGNADOS,Si,,Unidad de Planeación y Proyectos Estratégicos ,Fernando Israel Aguilar Romero,2026-07-29,2026-07-29,Semestral,Enero 2027,Lotes asignados; suelo; vivienda,Instituto de la Vivienda,Asistencia Social; Infraestructura,CSV,Open Data Commons Attribution License,"Base de datos que contiene información sobre los lotes asignados por el Instituto de la Vivienda, desagregado por municipio y periodo, así como las personas beneficiarias.",1120e40d-9b65-452e-acc6-3fcf0fe56c87,2026-07-29T20:00:32.283432
ESCRITURAS ENTREGADAS,Si,,Unidad de Planeación y Proyectos Estratégicos ,Fernando Israel Aguilar Romero,2026-07-29,2026-07-29,Semestral,Enero 2027,Escrituración; certeza jurídica; patrimonio; vivienda,Instituto de la Vivienda,Administración y Finanzas; Atención Ciudadana; Infraestructura,CSV,Open Data Commons Attribution License,"Base de Datos que contiene información sobre las escrituras entregadas por el Instituto de la Vivienda de Nuevo León, desagregada por municipio, periodo de entrega y número de personas beneficiarias.",28afb52e-3ff6-4ab4-b264-bebd3fc9f1ef,2026-07-29T19:59:27.257852
VIVIENDAS REHABILITADAS,Si,,Unidad de Planeación y Proyectos Estratégicos ,Fernando Israel Aguilar Romero,2026-07-29,2026-07-29,Semestral,Enero 2027,Viviendas rehabilitadas; apoyo social; mejoramiento de vivienda,Instituto de la Vivienda,Asistencia Social; Infraestructura,CSV,Open Data Commons Attribution License,"Base de datos con información sobre las viviendas rehabilitadas por el Instituto de la Vivienda de Nuevo León, desagregada por municipio y periodo, así como número de personas beneficiarias.",58fd12eb-45c3-4f89-99cd-2b67936096f3,2026-07-29T19:59:02.827215
Albergues Rurales Juveniles,Si,,César Enrique Garza Silva,Rafael Rodríguez Montalvo,2026-07-27,2026-07-22,Trimestral,Octubre 2026,Albergues; DIF; atencion social,Sistema para el Desarrollo Integral de la Familia del Estado de Nuevo León (DIF),,CSV,Open Data Commons Attribution License,Aquí encontraras información de la población adolescente de los municipios del sur del Estado que requieren los servicios de albergue para continuar sus estudios.,7a33b233-b933-408b-a986-e4626343d67b,2026-07-27T23:02:05.772636
Directorio de Trámites y Servicios en Pabellón Ciudadano,Si,,Dirección de Gestión Administrativa,,2026-07-22,2024-08-09,Semestral,enero 2026,Administración,Secretaría de Administración,Administración y Finanzas,CSV,Open Data Commons Attribution License,"Directorio de Trámites y Servicios disponibles en el complejo gubernamental ""Pabellón Ciudadano"" ofrecidos por el Gobierno Estatal.",6c7a4088-c9a3-4e04-bb59-81d2e75a35f0,2026-07-22T19:46:56.271868
Denuncias de maltrato animal,Si,,"	Procuraduría Estatal de Medio Ambiente",Stefany Fabiola Yañez Cantu,2026-07-22,2026-07-10,Trimestral,Octubre 2026,administracion; evaluacion gobernador como vamos,Secretaría de Medio Ambiente,Asistencia Social; Atención Ciudadana; Medio Ambiente; Seguridad,CSV,Open Data Commons Attribution License,Conjunto de datos que muestra las denuncias de maltrato animal interpuestas ante la Procuraduría Estatal de Medio Ambiente durante el periodo 2026.,c7d7aa11-9060-4516-9a73-3b009edaebaf,2026-07-22T17:46:31.172068
Planificación Familiar,Si,http://www.dgis.salud.gob.mx/contenidos/basesdedatos/bdc_serviciossis_gobmx.html,Dirección de Planeación,Francisco Antonio Carrizales Cavazos,2026-07-21,2025-10-09,Anual,Octubre 2026,evaluacion gobernador como vamos; salud; servicios,Secretaría de Salud,Perspectiva de Género e Interseccionalidad; Salud,CSV,Open Data Commons Attribution License,Conjunto de datos que muestra la planificación familiar en las unidades médicas de los Servicios de Salud de Nuevo León generadas durante el periodo de octubre 2024 hasta agosto 2025.,d1b33c57-00a8-4c6b-96a5-e421d0754fa7,2026-07-21T23:25:17.701981
Licitaciones,Si,,Dirección de Planeación,Lic. Gustavo Uribe Doria,2026-07-21,2026-03-18,Semestral,Enero 2027,infraestructura; licitaciones,Instituto Constructor de Infraestructura Física Educativa y Deportiva,Administración y Finanzas; Deportes; Educación; Infraestructura,CSV,Open Data Commons Attribution License,"Se muestra el conjunto de datos de las licitaciones del Instituto Constructor de Infraestructura Física, Educativa y Deportiva del Gobierno del Estado de Nuevo León en el periodo 2025",8c424dba-8aaa-4601-9423-c0aa86c4f78b,2026-07-21T18:24:17.913996
Conjunto de Datos IDPNL,Si,,IDPNL,Guillermo Tomás Garza Luna,2026-07-21,2026-03-02,Trimestral,Abril 2026,atención ciudadana; estadisticas,Instituto de Defensoría Pública de Nuevo León,Asistencia Social; Seguridad,CSV,Creative Commons Attribution,Estadísticas Mensuales derivadas de la atención a los usuarios que este Instituto ha otorgado,385be6bf-301a-4986-b23f-b0ed47175ccf,2026-07-21T15:27:25.234504
Directorio de Parques de Nuevo León,Si,,Karina Ponzzi Mora ,Diego Raudel Quintero Cuevas,2026-07-06,2026-03-12,Semestral,12 de julio de 2026,turismo,Operadora de Servicios Turísticos de Nuevo León (OSETUR),Atención Ciudadana; Medio Ambiente; Turismo,CSV,Open Data Commons Attribution License,"En el presente documento se encuentran los parques administrados por el Gobierno del Estado a través de la Operadora de Servicios Turísticos de Nuevo León (OSETUR).
En el mismo se encontrarán los nombres de los parques, los municipios en los que se ubican, las coordenadas geográficas de su localización, horarios, tipos de visita, tarifas de acceso y sus capacidades.",8aa0d5e3-89ff-46c1-9c41-2e076a9863ad,2026-07-06T17:55:30.492311
Visitantes a Parques de Nuevo León,Si,,Karina Ponzzi Mora ,Diego Raudel Quintero Cuevas,2026-07-06,2026-03-12,Semestral,12 de julio de 2026,turismo,Operadora de Servicios Turísticos de Nuevo León (OSETUR),Arte y Cultura; Medio Ambiente; Turismo,CSV,Open Data Commons Attribution License,"En el presente documento se encuentran los parques administrados por el Gobierno del Estado a través de la Operadora de Servicios Turísticos de Nuevo León (OSETUR).
En el mismo se encontrarán los nombres de los parques, los municipios en los que se ubican, las coordenadas geográficas de su localización y el número de visitantes por mes que reciben.",4a4ea6c2-0811-4079-9b56-bf288d3ac5e1,2026-07-06T17:55:03.435109
Matricula UTSC,Si,Universidad Tecnológica Santa Catarina,Universidad Tecnológica Santa Catarina,Mario Alberto Juárez Ramírez,2026-07-02,2026-05-18,Cuatrimestral,agosto 2026,Inclusión; Matricula; UTSC,Universidad Tecnológica Santa Catarina ,Educación; Infraestructura,CSV,Open Data Commons Attribution License,"Conjunto de datos que presenta la matrícula estudiantil de la Universidad Tecnológica Santa Catarina (UTSC). La información se encuentra agregada por programa de educación superior y carrera, e incluye variables sociodemográficas como sexo, edad promedio, lugar de nacimiento, condición discapacidad reportada en el programa de inclusión de la UTSC y pertenencia indígena",d0d60273-4123-4b52-892e-ada8ec4d5ed2,2026-07-02T16:49:00.628394
Contratos SMPU,Si,,Dirección de Planes y Programas,Alexis Puente Iracheta,2026-06-29,2025-07-09,Semestral,julio 2026,contrataciones; contrataciones abiertas,Secretaría de Movilidad y Planeación Urbana,Infraestructura; Movilidad y Transporte; Transparencia y Combate a la Corrupción,CSV,Open Data Commons Attribution License,Se muestra el conjunto de datos sobre el histórico de las contrataciones de la Secretaría de Movilidad y Planeación Urbana del Gobierno del Estado de Nuevo León en el periodo 2021-2027,72ffb92b-d1af-4485-8689-91f7df88b14b,2026-06-29T20:00:46.572916
Información de Planteles CONALEP NL,Si,https://nuevoleon1.conalep.edu.mx/,Jesús Escareño,Magdalena Abigail Nerio Seseña,2026-06-17,2026-05-11,Semestral,agosto 2026,Educación,CONALEP,Educación,CSV,Open Data Commons Attribution License,"Información de las carreras, mátricula, ubicación y contacto de los planteles del CONALEP NL",96090604-74ae-405f-9df0-240204f83f83,2026-06-17T23:28:25.192288
Proyectos de FIDECULTURAL 2019-2024,Si,,Fideicomiso para la Conservación del Patrimonio Cultural de Nuevo León,Ricardo Tatevari Vázquez Carlos,2026-06-12,2026-02-21,Anual,febrero 2027,Conservasion; FIDECULTURAL; Patrimonio cultural; Restauracion,Fideicomiso para la Conservación del Patrimonio Cultural de Nuevo León (FIDECULTURAL),,CSV,Open Data Commons Attribution License,"Base de datos abierta de acciones realizada por el Fideicomiso para la Conservación del Patrimonio Cultural de Nuevo León (FIDECULTURAL), que registra proyectos orientadas diseño de Proyectos ejecutivos, Restauracion y Conservacion del patrimonio cultural de Nuevo León.",67be5008-00d6-43e1-a692-83078d26baa4,2026-06-12T17:56:57.749035
Servicios para el campo,Si,,Aidee Sánchez,Leslie Arianna Reyes Aguirre,2026-06-09,2026-02-26,Trimestral,31 de agosto de 2026; 31 de mayo de 2026,agropecuario,Promotora de Desarrollo Rural de Nuevo León – PRODERLEON,Agroalimentario; Asistencia Social,CSV,Open Data Commons Attribution License,"Conjunto de datos que contiene información sobre los servicios brindados en el sector rural, incluyendo actividades como rehabilitación de caminos, apoyo con maquinaria, construcción de infraestructura y otros servicios destinados al desarrollo del campo.",ccab1a16-f1c7-4216-8c0e-53e0d80573b0,2026-06-09T16:49:33.142777
Resultados del clima laboral de la Administración Pública Estatal,Si,,Dirección Central de Capital Humano,Hector Javier Alcazar Aguilar,2026-06-08,2024-08-02,Anual,Junio 2027,administracion,Secretaría de Administración,Administración y Finanzas; Participación,CSV,Open Data Commons Attribution License,"Datos que contienen los resultados de la Encuesta de Clima Laboral de la Administración Pública Estatal de Nuevo León. 
Se evaluaron 7 dimensiones en colaboración con un grupo de investigadores de la UDEM, las cuales son: Liderazgo, Crecimiento y Desarrollo, Trabajo en Equipo, Beneficios y Recompensas, Satisfacción Laboral y Comunicación e Inclusión.
",044a85f6-0f35-4f07-9261-486d7ead2681,2026-06-08T15:44:17.997086
Sitios de Internet Gratuitos ConectateNL,Si,,Dirección de Infraestructura Tecnológica,Dirección de Infraestructura,2026-06-03,2024-08-09,Anual,Noviembre 2026,administracion; conectateNL,Secretaría de Administración,Atención Ciudadana; Infraestructura; Turismo,CSV,Open Data Commons Attribution License,"Conjunto de datos de sitios de internet gratuito para las y los neoleoneses a cargo de la Administración Pública Estatal.

NOTA: No se han añadido nuevos puntos, por lo que el archivo permanece vigente.",e6d1d7af-eafa-418f-97f2-984e337e1c9a,2026-06-03T16:44:36.293464
Directorio FIRECOM,Si,,Claudia Pérez,Claudia Pérez,2026-06-01,2026-04-13,mayo 2026,mayo 2027,Directorio telefonico,Fideicomiso para el Reordenamiento Comercial (FIRECOM),Atención Ciudadana,CSV,Open Data Commons Attribution License,Directorio del Fideicomiso para la Reordenación Comercial FIRECOM,a3ab5864-515d-4cfc-ad59-03ede25d8418,2026-06-01T19:23:58.619265
Lugares Visitados Programa Arráncate por Nuevo Leon,Si,,Rodrigo Martínez Rodriguez,Rodrigo Martínez Rodriguez,2026-05-25,2026-05-19,Semestral,junio 2026,Turismo,Corporación para el Desarrollo Turístico de Nuevo León,Arte y Cultura; Turismo,CSV,Open Data Commons Attribution License,Listado de Lugares Visitados bajo el programa arráncate por Nuevo Leon con numero de visitantes durante el periodo 2025 2026.,9a8f15a8-fe43-43d1-a16a-32c7ea1974e6,2026-05-25T16:33:59.293409
Prestamos Ejercidos por el Fideicomiso Fondo para la Vivienda de los Trabajadores de la Educación,Si,,Julio Cesar Faz Martinez,Julio Cesar Faz Martinez,2026-05-22,2026-03-26,Anual,ENERO 2027,2025; fovileon; prestamos,Fideicomiso Fondo para la Vivienda de los Trabajadores de la Educación y el Estado (FOVILEON),,CSV,Creative Commons Attribution,Prestamos Ejercidos durante el periodo 2025 FOVILEON EDUCACIÓN,062477c2-e2aa-4448-8ae9-7d34c7781234,2026-05-22T23:19:41.766457
Prestamos Ejercidos por el Fideicomiso Fondo para la Vivienda de los Trabajadores para el Estado,Si,,Julio Cesar Faz Martinez,Julio Cesar Faz Martinez,2026-05-22,2026-03-26,Anual,ENERO 2027,2025; fovileon; prestamos,Fideicomiso Fondo para la Vivienda de los Trabajadores de la Educación y el Estado (FOVILEON),,CSV,Creative Commons Attribution,Prestamos ejercidos durante el Periodo 2025 FOVILEON ESTADO (BUROCRATAS),1c9e3e31-a8f2-4fa3-80c3-be67d5496f4e,2026-05-22T23:19:10.516275
Centro Estatal de Becas,Si,,Judith Joana Reyna Oliva,Judith Joana Reyna Oliva,2026-05-22,2026-02-27,Semestral,julio 2026,Becas,Centro Estatal de Becas,,CSV,Open Data Commons Attribution License,"Registro de becas otorgadas en los tres niveles educativos:
1.- EDUCACIÓN BÁSICA (Preescolar, Inicial, Primaria, Secundaria, Especial)
2.- EDUCACIÓN MEDIA SUPERIOR (Preparatoria o Bachillerato)
3.- EDUCACIÓN SUPERIOR (Universidad y Normal) 
De conformidad a los criterios de Equidad, Calidad y Pertinencia, beneficiando a la población de escasos recursos, grupos vulnerables, alumnos con alto desempeño académico y talentos especiales, así como a personas víctimas del delito y otros grupos de la sociedad.",e323b01e-c8e8-4373-b2b2-6e4b104c3804,2026-05-22T23:17:57.606458
Nacimientos registrados en Unidades Hospitalarias de los Servicios de Salud de Nuevo León,Si,http://www.dgis.salud.gob.mx/contenidos/basesdedatos/bdc_nacimientos_gobmx.html,Dirección de Planeación ,Francisco Antonio Carrizales Cavazos ,2026-05-22,2026-03-13,Anual,Marzo 2027,nacimientos; natalidad; padecimientos; parto; salud,"Servicios de salud de Nuevo León, O.P.D.",,CSV,Open Data Commons Attribution License,Nacimientos registrados en Unidades Hospitalarias de los Servicios de Salud de Nuevo León con datos de interés público específicos del recién nacido.,76afc7ad-0999-45a1-8ec3-f736d124ab87,2026-05-22T23:17:24.263746
Iniciación Deportiva,Si,,Coordinación de Instalaciones,Karen Abigail Garza García,2026-05-22,2026-03-09,Anual,enero 2027,Deportes,Instituto Estatal de Cultura Física y Deporte (INDE),Deportes,CSV,Open Data Commons Attribution License,"El conjunto de datos de la actividad de iniciación deportiva contiene información del ejercicio 2025, sobre los participantes que comienzan a practicar un deporte, las actividades realizadas durante el programa y demás datos.",db710ac2-052b-4ea7-aece-6d42e1692cb3,2026-05-22T23:15:54.842708
Prepa Abierta,Si,,NORA ELVIA GARZA LONGORIA,NORA ELVIA GARZA LONGORIA,2026-05-22,2026-04-15,mensual,mayo 2026,prepa abierta,Secretaría de Educación del Estado de Nuevo León,Educación,CSV,Open Data Commons Attribution License,"La Preparatoria Abierta en Nuevo León es un sistema no escolarizado de la Secretaría de Educación, ideal para trabajar y estudiar a tu propio ritmo. Ofrece un plan de 22 módulos, sin exámenes de admisión y con inscripciones todo el año a través de su portal oficial",17f77ab3-d43e-4a4d-8f28-ee339a9dc0a9,2026-05-22T23:15:20.658823
Campamento deportivo de verano,Si,,Coordinación de Instalaciones,Karen Abigail Garza García,2026-05-22,2026-03-09,Anual,enero 2027,Deportes,Instituto Estatal de Cultura Física y Deporte (INDE),Deportes,CSV,Open Data Commons Attribution License,"El conjunto de datos de una actividad de campamento de verano contiene información del ejercicio 2025 sobre los participantes, las actividades realizadas y demás datos a respecto.",b7d3556f-b839-49bb-92bc-44b0b8205b11,2026-05-22T23:14:47.351687
Clínica deportiva para adultos,Si,,Coordinación de Instalaciones,Karen Abigail Garza García,2026-05-22,2026-03-09,Anual,enero 2027,Deportes,Instituto Estatal de Cultura Física y Deporte (INDE),Deportes,CSV,Open Data Commons Attribution License,"Conjunto de datos referentes a los registro de la clínica deportiva para adultos con sede en el Parque Niños Héroes en el municipio de Monterrey. Reúne información del ejercicio 2025, relacionada con las frecuencias, sedes, programa, y demás.",b99b65ed-5ea5-4740-8eb3-47707c665577,2026-05-22T23:14:21.775461
Frecuencia Servicios Prestados Parque Fundidora,Si,,Parque Fundidora OPD,Parque Fundidora OPD,2026-05-22,2026-03-05,,,cantidad; servicios,"Parque Fundidora, O.P.D",,CSV,Open Data Commons Attribution License,Estadística mensual para todo el 2025 respecto a la frecuencia de los servicios prestado por el Parque Fundidora.,b0a7ab93-a361-4be0-aa6f-5bfb110e41cb,2026-05-22T23:13:48.762679
Capacitaciones-portafolio 2025-2026,Si,,Dirección Operativa de Programas,Mayra González,2026-05-22,2026-02-26,anual,Enero 2027,Prevención de violencia,Instituto Estatal de las Mujeres,,CSV,Open Data Commons Attribution License,"Su objetivo central es promover y fomentar las condiciones que posibiliten la no discriminación, la equidad, la igualdad de oportunidades, de trato entre los géneros, de la toma de decisiones y de los beneficios del desarrollo; el ejercicio pleno de todos los derechos de las mujeres y su participación equitativa en la vida política, económica y social del Estado.
",e79aa899-f355-4ca8-a720-433aedbbe306,2026-05-22T23:12:35.659289
Listado-Directorio CENDIS,Si,,JAIME JAVIER RODRÍGUEZ,JAIME JAVIER RODRIGUEZ,2026-05-22,2026-04-17,Anual,Febrero 2027,Listado; cendis,Fideicomiso BP3417 CENDIS,Asistencia Social; Educación,CSV,Creative Commons Attribution,"Los CENDIS ofrecen servicios de cuidado, estimulación temprana y educación, apoyando a madres trabajadoras y promoviendo el desarrollo integral de los menores. En este conjunto se especifica su ubicación y el nombre del titular de cada plantel. Muchos de ellos se ubican en zonas vulnerables. ",d3eb9c06-a6a9-41d5-baa4-ff8b64c3e821,2026-05-22T22:50:32.938147
Tecnoparques FIDESUR 2025,Si,http://tecnoparques.2025/fidesur.gob,Subsecretaria de Desarrollo Regional y Agropecuario,Miguel Ángel Rueda Iracheta,2026-05-22,2026-03-18,Anual,enero 2027,agricultura; invernaderos; tecnoparques,Fideicomiso para el Desarrollo del Sur del Estado de Nuevo León,,CSV,Open Data Commons Attribution License,"Datos relevantes acerca de los Tecnoparques FIDESUR, en 2025",20e7647b-0560-4693-84e9-03d4a59ace6e,2026-05-22T22:24:11.791955
LICENCIAS DE ALCOHOLES 2026,Si,,Dirección General de Servicios al Contribuyente de la Subsecretaría de Administración Tributaria de la Secretaría de Finanzas y Tesorería General del Estado,Idalia Ventura Mancillas Peña,2026-05-21,2026-05-21,Semestral,julio 2026,administracion; licencias,Secretaría de Finanzas y Tesorería General,,CSV,Open Data Commons Attribution License,Licencias de alcoholes emitidas por la Secretaría de Finanzas y Tesorería del Estado de Nuevo León.,14660aa2-a701-483c-897b-6f4a5e9eb81c,2026-05-21T22:32:45.223460
Solicitud de informacion Instituto Registral y Catastral,Si,,Instituto Registral y Catastral del estado de Nuevo León,José Eligio Castro Colunga,2026-05-15,2026-02-23,mensual,Marzo 2026,Gobierno Abierto; Transparencia; ircnl,Instituto Registral y Catastral del Estado de Nuevo León,Administración y Finanzas,CSV,Open Data Commons Attribution License,Se muestran las líneas de contacto por la que los usuarios solicitan información al Instituto,5b61d4d0-a3d3-497a-97c2-08532be56f2c,2026-05-15T16:31:32.874127
Residuos Sólidos Urbanos,Si,,Dirección de Desarrollo y Gestion Ambiental ,Silvia Magdalena Sanchez Casillas,2026-05-06,2026-03-05,Mensual,marzo 2026,medio ambiente; residuos,Sistema Integral para el Manejo Ecológico y Procesamiento de Desechos (SIMEPRODE),Infraestructura; Medio Ambiente,CSV,Open Data Commons Attribution License,"Conjunto de datos que muestra el volumen de Residuos Sólidos Urbanos que ingresan al Relleno Sanitario de SIMEPRODE ubicado en Salinas Victoria, Nuevo  León, por municipio y de forma mensual, correspondiente a los años 2025 y 2026.",e8fcfbdc-307e-4ff5-a539-3b78d06db950,2026-05-06T18:35:16.327915
Listado de Escuelas,Si,,NORA ELVIA GARZA LONGORIA,NORA ELVIA GARZA LONGORIA,2026-04-23,2026-03-04,Anual,Enero 2027,Escuelas; Listado,Secretaría de Educación del Estado de Nuevo León,Educación,CSV,Open Data Commons Attribution License,"Nuevo León cuenta con un amplio listado de escuelas de educación básica, media superior y superior, tanto públicas como privadas. La Secretaría de Educación de Nuevo León (SENL) concentra la información oficial, destacando planteles de tiempo completo y jornadas ampliadas en municipios como Monterrey, Guadalupe, Apodaca y San Nicolás.",f7d04de5-4b4c-40ad-83a1-7bc73c90c76e,2026-04-23T23:04:33.711919
Solicitudes de acceso a la información recibidas en la Administración Pública Estatal,Si,,Dirección de Transparencia Gubernamental,Carlos Garza,2026-04-22,2024-08-02,Trimestral,marzo 2026,Transparencia,Contraloría y Transparencia Gubernamental,Administración y Finanzas; Transparencia y Combate a la Corrupción,CSV,Open Data Commons Attribution License,"Conjunto de datos sobre las solicitudes de acceso a la información de los 102 sujetos obligados de la Administración Pública Estatal, recibidas a partir de enero de 2023.",14c01625-ef21-4c77-b75e-a9fd5e935e83,2026-04-22T18:50:41.608922
Solicitudes de Información,Si,,"Fideicomiso No. 2209 ""Línea 3 del Sistema de Transporte Colectivo Monterrey""",Blanca Fabiola Ruiz Acosta ,2026-04-20,2026-04-13,anual,Febrero 2027,,"Fideicomiso No. 2209 ""Línea 3 del Sistema de Transporte Colectivo Metrorrey""",,CSV,Open Data Commons Attribution License,Solicitudes de Información 2025,f45aaf59-7dae-4fe2-abd2-e6b17acbec68,2026-04-20T22:57:33.086410
Listado de Telebachillerato,Si,,NORA ELVIA GARZA LONGORIA,NORA ELVIA GARZA LONGORIA,2026-04-20,2026-03-09,Anual,Abril 2027,Listado; telebachillerato,Secretaría de Educación del Estado de Nuevo León,Atención Ciudadana; Educación,CSV,Open Data Commons Attribution License,"Si te interesa ingresar al Telebachillerato, en este directorio podrás encontrar el correo electrónico de los docentes responsables de cada uno de los planteles, quienes te brindarán información para ingresar a este sistema educativo.",2f874625-ffec-4252-ba7c-3e7572386982,2026-04-20T22:55:35.513393
Planteles Educativos,Si,,NORA ELVIA GARZA LONGORIA,NORA ELVIA GARZA LONGORIA,2026-04-20,2026-03-05,Anual,Abril 2027,Listado,Secretaría de Educación del Estado de Nuevo León,,CSV,Open Data Commons Attribution License,"Nuevo León cuenta con una amplia red de planteles educativos, gestionados por la Unidad de Integración Educativa de Nuevo León (UIENL). La oferta incluye escuelas públicas y privadas desde preescolar hasta educación superior, concentrándose principalmente en la zona metropolitana de Monterrey y áreas de rápido crecimiento como Juárez y Pesquería, con proyectos de mejora de infraestructura.",c8895768-6f98-464b-8e3d-344453a3879b,2026-04-20T22:54:45.127219
Solicitudes de Información Fid. 2284 Tren Suburbano,Si,,Blanca Fabiola Ruiz Acosta,Blanca Fabiola Ruiz Acosta ,2026-04-15,2026-04-13,Anual,Febrero 2027,,"Fideicomiso No. 2284 ""Tren Suburbano Villa García-Aeropuerto de Monterrey, Primera fase, Etapa 1""",Atención Ciudadana,CSV,Open Data Commons Attribution License,"Solicitudes de información Fid. 2284, 2025",a28e2df0-d917-4603-a920-e89be6d25f06,2026-04-15T22:18:23.504616
Capacitaciones FIDECITRUS enero-agosto 2025,Si,,Saida Estefanía Peña Flores,Indira Amaya Maya ,2026-03-30,2026-03-24,,,Educación; capacitación; economía; trabajo,Fideicomiso Para el Desarrollo de la Zona Citrícola,,CSV,Open Data Commons Attribution License,Conjunto de datos sobre las personas capacitadas por el Fideicomiso para el Desarrollo de la Zona Citricola del Estado de Nuevo león en la zona citrícola del estado durante el periodo comprendido de enero a agosto del años 2025.  ,948549d4-e194-446c-92d4-f7874524e1c3,2026-03-30T19:35:53.309990
PROCESO EXTINCIÓN DEL FIDEICOMISO FOMENTO METROPOLITANO DE MONTERREY (FOMERREY),No,https://betatransparencia.nl.gob.mx/Anexo/DescargarAnexo?Id=VHluanlDSGYwc289&doc=LINEAMIENTOS PROCESO DE EXTINCIÓN FOMERREY.pdf,UNIDAD DE TRANSPARENCIA,Fernando Israel Aguilar Romero,2026-03-30,2026-03-27,Anual,,EXTINCIÓN; FOMERREY,Fideicomiso Fomento Metropolitano de Monterrey (FOMERREY),,TXT,Open Data Commons Attribution License,"Documento informativo que describe los antecedentes jurídicos, administrativos y presupuestales del proceso de extinción del Fideicomiso Fomento Metropolitano de Monterrey (FOMERREY), así como la transferencia de derechos, obligaciones, personal y recursos al Instituto de la Vivienda de Nuevo León, con fundamento en acuerdos de órganos de gobierno, convenios de colaboración y disposiciones normativas aplicables.",1aafd5f0-4d6c-49ed-980c-e613e08019bc,2026-03-30T18:54:39.857152
Registros Programa Impulso NAFIN+Nuevo León,Si,direccion.focrece@nuevoleon.gob.mx,Stephan Didier Kipper López,Stephan Didier Kipper López,2026-03-26,2026-03-25,trimestral,junio 2026,economía,Fideicomiso Fondo de Apoyo para la Creación y Consolidación del Empleo Productivo en el Estado de Nuevo León (FOCRECE),,CSV,Sin licencia especificada,En el documento se encuentra el registro de las personas físicas o morales que se registran para solicitar crédito en el Programa Impulso NAFIN+Nuevo León,a6cb2f6d-d08e-453e-91b5-742eee2f36e2,2026-03-26T22:16:33.673346
Matricula de Alumnos de la Universidad Tecnológica de Linares,Si,,Universidad Tecnológica Linares,Candy Sepulveda Valdes,2026-03-26,2026-03-26,Anual,Febrero 2027,Educacion,Universidad Tecnológica Linares,Educación,CSV,Open Data Commons Attribution License,"Base de datos del total de alumnos matriculados en sus diversas carreras,",f5b4ea90-aa64-4269-acee-773d9c6fbd5c,2026-03-26T19:59:13.095235
Nuevo León al Día,Si,,Oficina de Comunicación del Ejecutivo del Estado,Jonathan Ezequiel González Villarreal,2026-03-26,2026-03-18,Bimestral,Mayo 2026,boletín; gobierno; información; newsletters; notas; nuevo león,Oficina de Comunicación del Ejecutivo del Estado,Transparencia y Combate a la Corrupción,CSV,Open Data Commons Attribution License,"Registros de Newsletters ""Nuevo León al Día"" del periodo 2023-2026.",e1f05f9a-8891-445f-8247-0f1520e41426,2026-03-26T15:32:02.685061
Programación infantil en canal 28.1 y 28.2 marzo,Si,,Carmen Alvarez,Carmen Alvarez,2026-03-26,2026-03-17,trimestral,julio 2026,infantiles; programación,Sistema de Radio y Televisión de Nuevo León,Arte y Cultura,CSV,Creative Commons Attribution,Contenido audiovisual dirigido a publico de entre 4 y 14 años a través del canal 28 ,aff29cff-d8e8-4abe-afc6-82836b77a48d,2026-03-26T15:31:00.574137
Cursos y Talleres,Si,,Erick Ángeles Preciado,Alejandra Patricia Rangel Avalos,2026-03-26,2026-03-26,Semestral,Septiembre 2026,atención ciudadana; formación; servicios,Instituto Estatal de las Personas Adultas Mayores (IEPAM),Asistencia Social,CSV,Open Data Commons Attribution License,Conjunto de datos con información sobre los cursos y talleres que el Instituto Estatal de las Personas Adultas Mayores ofrece a la ciudadanía.,e1c37a3a-23cb-4937-a4bb-bbb211666523,2026-03-26T14:31:47.568419
Inventario de bienes inmuebles,Si,,FIDEPROES,María Eugenia Guerra Domínguez,2026-03-25,2026-03-23,Semestral,julio 2026,fideicomiso; inmuebles; transparencia,Fideicomiso de Proyectos Estratégicos (FIDEPROES),,CSV,Open Data Commons Attribution License,Este conjunto de datos contiene un inventario de bienes inmuebles del Fideicomiso,3b5f42fb-a50a-410e-b704-fd84f25c98fd,2026-03-25T17:34:29.688406
Conjunto de datos de los cursos de capacitación impartidos en el ICET durante 2025,Si,,Rodolfo Hilario García Morales,Rodolfo Hilario García Morales,2026-03-20,2026-03-20,,,capacitación; cursos; trabajo,Instituto de Capacitación y Educación para el Trabajo (ICET),,CSV,Open Data Commons Attribution License,"Este conjunto de datos contiene el desglose de los cursos brindados en el año por el ICET, las fechas de impartición, el lugar y sus principales indicadores estadísticos",dd6b1ecf-9ece-4cc4-bca1-39df3c170c5d,2026-03-20T22:32:08.315303
Saldos de rendimientos de aportación del Fideicomiso,Si,,FIDEMEJORA ,María Eugenia Guerra Domínguez,2026-03-20,2026-03-20,Trimestral,Abril 2026,Transparecnia; fideicomiso; rendimiento,Fideicomiso de Inversión y Administración (FIDEMEJORA),,CSV,Open Data Commons Attribution License,Saldo trimestral de los rendimientos generados por la aportación del Fideicomiso,b9916855-1a20-4793-9ca6-fcee8af2f327,2026-03-20T18:07:28.797643
Presupuesto FITUR 2026,Si,,Lourdes Morales,Lourdes Morales,2026-03-20,2026-03-18,Anual,Enero 2027,turismo,Fideicomiso Turismo Nuevo León,Administración y Finanzas; Turismo,CSV,Open Data Commons Attribution License,Muestra el presupuesto del Fideicomiso asignado para el ejercicio 2026,4932e986-7998-4ebe-8821-7b020c192f2c,2026-03-20T01:11:59.753543
Unidades de Transporte Público,Si,,Instituto de Movilidad y Accesibilidad de Nuevo León,Jesús Cortez Hernández,2026-03-19,2025-11-13,Trimestral,Enero 2026,Movilidad; evaluacion gobernador como vamos,Instituto de Movilidad y Accesibilidad,Movilidad y Transporte,CSV,Creative Commons Attribution,"Conjunto de datos que contiene la información correspondiente a las unidades que prestan el servicio de transporte público, para el periodo comprendido de octubre de 2024 a septiembre de 2025. Identificador único de la unidad (versión anonimizada del número VIN), la modalidad de la ruta a la que se adscribe, las placas de circulación, el tipo de combustible, la capacidad de pasajeros, la antigüedad de la unidad y las coberturas de sus pólizas de seguro.",1425cc70-91e1-4ab7-a02e-c2b7538d5f4c,2026-03-19T17:54:07.786151
Solicitudes de Acceso a la Información,Si,https://consultapublicamx.plataformadetransparencia.org.mx/vut-web/faces/view/consultaPublica.xhtml#tarjetaInformativa,Lesly Rodriguez,Lesly Rodriguez,2026-03-18,2026-03-17,mensual,abril 2026,electronica; informacion; solicitudes,Instituto del Agua del Estado de Nuevo León,,CSV,Open Data Commons Attribution License,El reporte contiene la totalidad de las solicitudes de información correspondientes al periodo 2021–2025 del Instituto del Agua de Nuevo León.,7945215e-9b80-4078-9f22-ff1a5414cee8,2026-03-18T21:56:13.814730
Insumos Políticas Públicas,Si,,Secretaría Ejecutiva del Sistema Estatal Anticorrupción del Estado de Nuevo León,Soledad Jarquín Ramírez,2026-03-18,2026-03-17,Documento Único,,Anticorrupcion; PoliticaPublica; ProgramadeImplementacion; SEANL,Secretaría Ejecutiva del Sistema Estatal Anticorrupción del Estado de Nuevo León (SESEANL),,CSV,Open Data Commons Attribution License,"Política Estatal Anticorrupción de Nuevo León (PEANL) con Anexos estadísticos y el Programa de Implementación de la Política Estatal Anticorrupción de Nuevo León (PI-PEANL).

Conoce la PEANL en el siguiente enlace:  https://seseanl.gob.mx/politica-estatal-anticorrupcion-2/  

Asimismo, te compartimos el Programa de Implementación de la de PEANL:  https://seseanl.gob.mx/wp-content/uploads/PI-PEANL-1.pdf",ffd85124-bf81-4012-b5af-7d22c749e576,2026-03-18T19:36:08.081967
Sesiones del Comité Coordinador del SEANL,Si,,Secretaría Ejecutiva del Sistema Estatal Anticorrupción del Estado de Nuevo León,Soledad Jarquín Ramírez,2026-03-18,2026-03-17,Anual,,Anticorrupcion; ComiteCoordinadorSEANL; SEANL,Secretaría Ejecutiva del Sistema Estatal Anticorrupción del Estado de Nuevo León (SESEANL),,CSV,Open Data Commons Attribution License,"Sesiones del Comité Coordinador del Sistema Estatal Anticorrupción del Estado de Nuevo León (SEANL), 2024-2025.",3eebd9b5-01e5-4d5b-8cff-f4c6c805acfe,2026-03-18T00:03:28.724596
Solicitudes de Acceso a la Información del Fondo de Fomento Agropecuario del Estado de Nuevo León,Si,,FOFAE,Keila Ramirez,2026-03-18,2026-03-17,Trimestral,Junio 2026,Transparencia; solicitudes de acceso a la informacion,Fideicomiso Fondo de Fomento Agropecuario del Estado de Nuevo León,,CSV,Open Data Commons Attribution License,Listado solicitudes de información del FOFAE del periodo 2021 al 2026,ab9cb9ed-a0d8-4056-a9de-395f92555f3a,2026-03-18T00:02:55.990709
Sesiones Órganos de Gobierno del SESEANL,Si,,Secretaría Ejecutiva del Sistema Estatal Anticorrupción del Estado de Nuevo León,Soledad Jarquín Ramírez,2026-03-18,2026-03-17,Anual,enero 2027,Anticorrupcion; OrganodeGobiernoSESEANL; SESEANL,Secretaría Ejecutiva del Sistema Estatal Anticorrupción del Estado de Nuevo León (SESEANL),,CSV,Open Data Commons Attribution License,"Sesiones del Órgano de Gobierno de la Secretaría Ejecutiva del Sistema Estatal Anticorrupción del Estado de Nuevo León (SESEANL), 2024-2025.",6eeebb1f-db6e-46e4-9317-d425f9e70775,2026-03-18T00:01:01.610307
Pueblos Mágicos Nuevo León,Si,,Elisa María Siller García ,Diego Raudel Quintero Cuevas,2026-03-12,2026-03-11,Anual,enero 2027,turismo,Secretaría de Turismo,Turismo,CSV,Open Data Commons Attribution License,"El presente conjunto de datos contiene los municipios con denominación de Pueblo Mágico, su ubicación en coordenadas geográficas y el año en que les fue otorgado el nombramiento.",e37640fe-acac-4789-bc42-56a1c97397a9,2026-03-12T15:32:31.702822
Proyectos Estratégicos a través de FIDEURB,Si,,Fideicomiso FIDEURB Número BP6823,Amberly Michel Garza Martinez,2026-03-09,2026-02-25,Anual,febrero 2027,Desarrollo Urbano; Proyectos,Fideicomiso FIDEURB (BP6823),,CSV,Creative Commons Attribution,"Se describen los proyectos del Fideicomiso FIDEURB Número BP6823, citando su ubicación.  ",9dcbd3c9-7af9-4bab-bc44-214cccda77a4,2026-03-09T22:21:52.307058
"Planteles Colegio Militarizado ""General Mariano Escobedo"" del Estado de Nuevo León",Si,,Oficina de Asesoría Jurídica,Salma Quetzal Cordova Baca,2026-03-09,2026-03-04,Semestral,Septiembre 2026,Direccion; Educación; Ubicación,"Colegio Militarizado ""General Mariano Escobedo""",Educación,CSV,Open Data Commons Attribution License,"Ubicación geográfica e información general de los once planteles que integran el Colegio Militarizado ""General Mariano Escobedo"" del Estado de Nuevo León.",336d4038-2dbb-49d2-8b69-ecf073ed920d,2026-03-09T16:16:00.551439
Solicitudes de Acceso a la información recibidas por CODETUR,Si,,Rodrigo Martinez Rodriguez,Rodrigo Martinez Rodriguez,2026-03-06,2026-03-05,Semestral,junio 2027,Transparencia,Corporación para el Desarrollo Turístico de Nuevo León,,CSV,Open Data Commons Attribution License,"Conjunto de datos sobre las solicitudes de acceso a la información de los sujetos obligados Corporación para el Desarrollo Turístico de Nuevo Leon, recibidas en el periodo 2025.",4ecd76fd-54db-4715-9f84-218391a52aa3,2026-03-06T23:14:31.222090
Padrón de Acciones de Vivienda del IVNL,Si,,Unidad de Planeación y Proyectos Estratégicos ,Fernando Israel Aguilar Romero,2026-03-03,2026-03-03,Semestral,julio 2026,ivnl; nuevo-leon; padron; programas sociales; transparencia; vivienda,Instituto de la Vivienda,Atención Ciudadana; Infraestructura,CSV,Open Data Commons Attribution License,El Padrón de Acciones de Vivienda del IVNL es un registro público que concentra información sobre las acciones de vivienda realizadas por el Instituto,5ae9dbcb-80db-48ca-ba47-a82ce9735b72,2026-03-03T18:34:21.134543
"Conferencias, cursos y foros",Si,,Universidad de Ciencias de la Seguridad a través de su Unidad de Derechos Humanos e Igualdad de Género,Cecilia Yaneth Herrera Vargas ,2026-03-02,2026-03-02,Trimestral,marzo 2026,Igualdad de género; atencion ciudadana; capacitacion,Universidad de Ciencias de la Seguridad,,CSV,Open Data Commons Attribution License,"Este conjunto de datos muestra las conferencias, cursos y foros realizados en 2025 por la Universidad de Ciencias de la Seguridad, a través de su Unidad de Derechos Humanos e Igualdad de Género, dirigidos al personal en formación. Aquí podrás consultar el tipo de actividad, la fecha en que se llevó a cabo y el tema tratado.",325ef57b-b0e5-4c35-b1e4-1dcbfbf88192,2026-03-02T18:34:00.992032
Solicitudes de Acceso a la Información,Si,,Unidad de Transparencia,Jesús Uribe Tovar,2026-03-02,2026-02-26,Trimestral,mayo 2026,Gobierno y Transparencia,Oficina de Representación del Estado en la Ciudad de Mexico,,CSV,Creative Commons Attribution,Solicitudes de Acceso a la Información y derechos ARCO presentadas ante la Representación del Estado en la Ciudad de México,f9168614-c551-44f7-ba43-b0bf3c970564,2026-03-02T18:12:29.525493
Denuncias de maltrato animal,Si,,"	Procuraduría Estatal de Medio Ambiente",Stefany Fabiola Yañez Cantu,2026-03-02,2026-02-19,Trimestral,Abril 2026,administracion; evaluacion gobernador como vamos,Secretaría de Medio Ambiente,,CSV,Open Data Commons Attribution License,"Conjunto de datos que muestra las denuncias de maltrato animal interpuestas ante la Procuraduría Estatal de Medio Ambiente durante el periodo de octubre a diciembre del año 2025. 
",fbdb8652-36f1-405a-ba3a-cfc153130ecc,2026-03-02T16:46:24.178561
Actividades en el LABNL Lab Cultural Ciudadano 2022-2024,Si,,Coordinación Técnica,Ricardo Tatevari Vázquez Carlos,2026-02-27,2024-08-02,Anual,septiembre 2026,Cultura; Innovación,Secretaría de Cultura,Arte y Cultura,CSV,Creative Commons Attribution,"Conjunto de datos de las actividades innovación cultural del LABNL Lab Cultural Ciudadano en los ejercicios 2022, 2023 y 2024.",8ff946eb-957a-4ab4-ab8c-a5a3d2f92492,2026-02-27T19:13:04.386237
Personas beneficiarias del programa Jefas de Familia,Si,,Subsecretaría de Protección Social y Oportunidades,José Carlos Romero Rojas,2026-02-27,2026-02-26,Anual,Noviembre 2026,programas; servicios,Secretaría de Igualdad e Inclusión,Asistencia Social; Perspectiva de Género e Interseccionalidad,CSV,Open Data Commons Attribution License,Personas beneficiarias del programa presupuestario Jefas de Familia de la Secretaría de Igualdad e Inclusión reportadas en el cuarto Informe de Gobierno,44d185b3-77ba-49d7-8a7e-75af7feea94b,2026-02-27T00:25:50.382617
Directorio de Centros Comunitarios,Si,,Subsecretaría de Desarrollo Comunitario Integral,José Carlos Romero Rojas,2026-02-27,2026-02-26,Anual,Enero 2027,programas; servicios,Secretaría de Igualdad e Inclusión,Arte y Cultura; Asistencia Social; Infraestructura,CSV,Open Data Commons Attribution License,Directorio de Centros Comunitarios de la Secretaría de Igualdad e Inclusión,31573049-b319-4d4b-a4cf-be1e7d4a62cd,2026-02-27T00:25:09.674200
Directorio de Centros de Atención Integral para Adolescentes,Si,,Subsecretaría de Prevención y Seguridad Humana,José Carlos Romero Rojas,2026-02-27,2026-02-26,Anual,Enero 2027,programas; servicios,Secretaría de Igualdad e Inclusión,Asistencia Social; Atención Ciudadana,CSV,Open Data Commons Attribution License,Directorio de Centros de Atención Integral para Adolescentes de la Secretaría de Igualdad e Inclusión,cb4fe785-92d7-4bc3-8c0f-cbdfbbeda8b4,2026-02-27T00:24:37.316932
Personas beneficiarias del programa Personas con Discapacidad,Si,,Subsecretaría de Protección Social y Oportunidades,José Carlos Romero Rojas,2026-02-27,2026-02-26,Anual,Noviembre 2026,programas; servicios,Secretaría de Igualdad e Inclusión,,CSV,Open Data Commons Attribution License,Personas beneficiarias del programa presupuestario Personas con Discapacidad de la Secretaría de Igualdad e Inclusión reportadas en el cuarto Informe de Gobierno,16741794-5f4c-4af4-976b-7ae0ea4b69ff,2026-02-27T00:24:20.034304
Talleres realizados en los Centros Comunitarios de Desarrollo Social,Si,,Subsecretaría de Desarrollo Comunitario Integral,José Carlos Romero Rojas,2026-02-26,2026-02-26,Anual,noviembre 2026,programas; servicios,Secretaría de Igualdad e Inclusión,Arte y Cultura; Asistencia Social; Participación,CSV,Open Data Commons Attribution License,Talleres realizados en los Centros Comunitarios de Desarrollo Social de la Secretaría de Igualdad e Inclusión,21f0a015-ea0c-4de4-be49-40db5c505684,2026-02-26T23:14:43.217177
Órganos colegiados,Si,,Dirección de Implementación de Instrumentos y Mecanismos de Participación Ciudadana,Rut Montemayor,2026-02-26,2024-08-12,Anual,agosto 2026,Participación ciudadana; Órganos colegiados,Secretaría de Participación Ciudadana,Participación,CSV,Open Data Commons Attribution License,Datos sobre los órganos colegiados que cuentan con participación ciudadana de la Administración Pública del Estado de Nuevo León.,6f580827-b83c-493b-b9f2-8fde14e1c8e6,2026-02-26T22:28:17.812030
Tramites y Servicios a Pequeñas y Medianas Empresas,Si,,Roy Luka Lavcevic De La Torre,Citlally Venecia Venegas García,2026-02-26,2026-02-25,mensual,marzo 2026,economía; servicios; trámites, Secretaría de Economía,,CSV,Open Data Commons Attribution License,Se brinda el apoyo para pequeñas y medianas empresas.,14be6f1d-ecd1-4313-981a-09fab1666648,2026-02-26T22:18:33.932516
Personas beneficiarias del programa Impulso a Cuidadoras,Si,,Subsecretaría de Protección Social y Oportunidades,José Carlos Romero Rojas,2026-02-26,2026-02-26,Anual,Noviembre 2026,programas; servicios,Secretaría de Igualdad e Inclusión,Asistencia Social; Perspectiva de Género e Interseccionalidad,CSV,Open Data Commons Attribution License,Personas beneficiarias del programa presupuestario Impulso a Cuidadoras de la Secretaría de Igualdad e Inclusión reportadas en el cuarto Informe de Gobierno,8f41b053-03a7-4aca-bea1-801b9fdfc2aa,2026-02-26T22:02:08.346462
Personas beneficiarias del programa Hambre Cero,Si,,Subsecretaría de Protección Social y Oportunidades,José Carlos Romero Rojas,2026-02-26,2026-02-26,Anual,Noviembre 2026,programas; servicios,Secretaría de Igualdad e Inclusión,Asistencia Social,CSV,Open Data Commons Attribution License,Personas beneficiarias del programa presupuestario Hambre Cero de la Secretaría de Igualdad e Inclusión reportadas en el cuarto Informe de Gobierno,8d9a12da-2ec0-426c-aaff-9614259c4876,2026-02-26T21:28:49.306710
Solicitudes de Acceso a la Información,Si,Plataforma Nacional de transparencia,Dirección de administración y finanzas,Ana Cristina Rojas Flores,2026-02-25,2026-02-24,Trimestral,marzo 2026,Transparecnia,Sistema de Caminos de Nuevo León,Transparencia y Combate a la Corrupción,CSV,Open Data Commons Attribution License,"Solicitudes de acceso a la información recibidas a través del Sistema de Caminos de Nuevo León, los registros comprenden desde enero de 2023 hasta diciembre de 2025",db8413d0-deb9-4401-89e1-9993b228d810,2026-02-25T22:06:42.503552
Maestrías ofertadas por el IIIEPE,Si,,dirección de planeación ,Sergio Barahona Rascon,2026-02-25,2026-02-25,Cuatrimestral,abril 2026,educacion; profesionalizacion,"Instituto de Investigación, Innovación y Estudios de Posgrado para la Educación del Estado de Nuevo León",,CSV,Open Data Commons Attribution License,"Datos generales respecto a las maestrías ofrecidas dentro del Instituto de Investigación, Innovación y Estudios de Posgrado para la Educación del Estado de Nuevo León",0c8d6efc-3d31-4f38-9c3f-f38fdab34660,2026-02-25T22:04:21.574067
Solicitudes de acceso a la información recibidas por el Sistema Estatal de Información,Si,,Sistema Estatal de Información,Jaime Nava,2026-02-24,2026-02-23,Anual,Enero 2027,Transparencia; solicitudes de acceso a la informacion,Sistema Estatal de Información,Transparencia y Combate a la Corrupción,CSV,Open Data Commons Attribution License,Conjunto de datos sobre las solicitudes de acceso a la información recibidas por el Sistema Estatal de Información de enero a diciembre de 2025.,0a5c9056-4f7d-49ec-a343-3ddcf046c851,2026-02-24T16:09:20.078027
Proyectos apoyados por el I2T2,Si,,Dirección de Planeación y Gestión del Conocimiento,Alondra Selene Molina Vargas,2026-02-23,2026-02-23,Anual,febrero 2027,Innovación; Proyectos; ciencia,Instituto de Innovación y Transferencia Tecnológica de Nuevo León,,CSV,Open Data Commons Attribution License,Personas beneficiadas  a partir de los proyectos apoyados por el Instituto de Innovación y Transferencia de Tecnología,a93b8a57-9308-4559-ae7a-e27c2766dfa0,2026-02-23T18:32:37.963161
Lista de libros del Fonedi,Si,,Dominica Martínez Ajuria,Marién Pérezdelaba Fernández,2026-02-23,2026-02-23,,,Fonedi; catálogo; editorial; libros,Fondo Editorial de Nuevo León,,CSV,Creative Commons Attribution,Catálogo editorial del Fondo Editorial de Nuevo León.,040aa1f5-4442-4525-944d-cf256607d0d2,2026-02-23T18:27:53.675704
Asistencia de personas a actividades de CONARTE,Si,,Consejo para la Cultura y las Artes de Nuevo León,Nelly Garza Bernal,2026-02-23,2026-02-20,Anual,19 de febrero de 2027,Cultura; artes,Consejo para la Cultura y las Artes de Nuevo León,,CSV,Creative Commons Attribution,"Asistencia de personas a actividades de CONARTE durante el 2025 clasificado por bien/servicio. 

Este archivo se elaboró con información generada por los responsables operativos de las actividades del Programa Desarrollo Cultural, conjuntada y revisada por el personal de la Coordinación de Planeación.",ecead9fc-c93a-4e39-8b65-8eb2a46f9f8a,2026-02-23T16:39:10.716286
Directorio de colaboradores de conciliación,Si,,Junta Local de Conciliación y Arbitraje del Estado de Nuevo León,Dulce Stefanía Ramírez Espinoza,2026-02-21,2026-02-20,Anual,Diciembre 2026,Base de datos de contactos; Directorio telefonico; concilacion,Junta Local de Conciliación y Arbitraje,,CSV,Open Data Commons Attribution License,"El Directorio de colaboradores de conciliación contiene el directorio actualizado de colaboradores adscritos a la Junta Local de Conciliación y Arbitraje del Estado de Nuevo León, correspondiente al ejercicio 2025, destinado a apoyar a la ciudadanía para que tenga acceso a los datos correctos de la ubicación, así como de los medios de contacto de los servidores públicos adscritos a la dependencia. El directorio integra información relevante, de índole publico, como nombre completo, área de adscripción, puesto, datos de contacto, con la finalidad de facilitar la validación, verificación y seguimiento de la información para fines de control interno y cumplimiento institucional.",15225a8d-68d9-455c-92af-366d1c875ec7,2026-02-21T02:07:21.086239
Indicadores de Desempeño del Gobierno del Estado de Nuevo León.,Si,"Informes de Gobierno del Estado de Nuevo León 2022–2027 y fuentes oficiales (INEGI, IMSS, SESNSP, IMCO, entre otras).",MILLA NAOMI GARCIA SANCHEZ,DANIELA CAROLINA LOPEZ GODOY,2026-02-21,2026-02-19,,,Gobierno y Transparencia,Secretaría Técnica de Gobierno,,CSV,Open Data Commons Attribution License,"Conjunto de datos que integra indicadores de desempeño reportados en los Informes de Gobierno del Estado de Nuevo León, correspondientes a la administración 2022-2027. Los indicadores se encuentran organizados por eje del Plan Estatal de Desarrollo 2022-2027 (PED), y se actualizan con base en información proveniente de fuentes oficiales.",427660e3-7d0b-4ad2-9f39-07f1495a81d7,2026-02-21T01:53:35.002526
Producción Agrícola 2022-2024,Si,https://nube.agricultura.gob.mx/datosAbiertos/Agricola.php,Unidad de Enlace de Proyectos e Información Sectorial,Jair Zamuel García Ortiz,2026-02-20,2026-02-20,Anual,Septiembre 2026,agricultura; agropecuario; campo,Secretaría de Desarrollo Regional y Agropecuario,Agroalimentario; Medio Ambiente,CSV,Open Data Commons Attribution License,Conjunto de datos que muestra la producción agrícola por municipio y región en Nuevo León correspondiente a los años 2022-2024.,57f3bc44-dd91-43f8-a2b9-6dcb92a19699,2026-02-20T20:43:48.913053
Declaraciones oficiales de la Oficina Ejecutiva,Si,,Celina Edith Pérez Mireles,Celina Edith Pérez Mireles,2026-02-19,2026-02-19,Semestral,Julio 2026,Declaraciones; NL INFORMA; Oficina Ejecutiva; Rendición de cuentas,Oficina Ejecutiva del Titular del Poder Ejecutivo del Estado de Nuevo León,,CSV,Open Data Commons Attribution License,"Relación de las declaraciones oficiales emitidas por la Oficina Ejecutiva del Titular del Poder Ejecutivo del Estado de Nuevo León en el espacio informativo denominado “NL Informa”, presidido por esta Oficina. ",4c2acb78-d45a-4e4f-815d-00f3b3348859,2026-02-19T20:13:38.667711
Asambleas Juntas de Mejora,Si,,Dirección de Organización Ciudadana,Aurora Jezabel Aguilar Moreno,2026-02-18,2024-08-07,Cuatrimestral,abril 2026,Participación ciudadana,Secretaría de Participación Ciudadana,Participación,CSV,Open Data Commons Attribution License,Este conjunto de datos muestra las asambleas de las juntas de mejora que se renovaron en 2024 en el estado de Nuevo León.,e995282e-023a-48bf-a123-4390a11734fb,2026-02-18T16:12:48.490404
Espacios participativos en el Gobierno del Estado de Nuevo León,Si,,Dirección de Políticas Públicas,Juan Luis Meza Medina,2026-02-18,2024-08-13,Anual,Diciembre 2025,Censo; Espacios participativos; Participación ciudadana,Secretaría de Participación Ciudadana,Participación,"CSV, XLSX",Open Data Commons Attribution License,"Conjunto de datos recabados para el Censo Nacional de Gobiernos Estatales (2024 y 2023) que congrega los espacios que abrieron las dependencias y entidades de la Administración Pública Estatal de Nuevo León para la incidencia de las personas (2023 y 2022).  
Informe 2023 Disponible en: https://bit.ly/3XKmqt3

NOTA:  La publicación de los resultados varía conforme a las fechas operativas de publicación de resultados por parte del Instituto Nacional de Estadística y Geografía (INEGI).
",c859ebde-9929-444b-b777-687f6727e102,2026-02-18T15:45:03.172156
Hecho por tipo de Violencia,Si,,Dirección de Inteligencia Social y Sistema Multifuente,Ivonne Hernández Salazar,2026-02-17,2026-02-17,Trimestral,abril 2026,ambito de violencia; municipio de hecho; tipo de violencia,Secretaría de las Mujeres,Perspectiva de Género e Interseccionalidad,CSV,Open Data Commons Attribution License,Base de datos extraída del BAESVIM que contiene el registro estadístico de los casos de violencia clasificados por tipo.,6585a2e2-9725-4f89-9005-965d0f4e619e,2026-02-17T22:55:17.781017
Cursos de Capacitación del Instituto de Profesionalización,Si,,INSTITUTO DE PROFESIONALIZACIÓN,Instituto de Profesionalización,2026-02-05,2024-08-02,Semestral,Mayo 2026,Administración,Secretaría de Administración,Educación,CSV,Open Data Commons Attribution License,"Conjunto de datos sobre los cursos de capacitación para funcionarios de Gobierno del Estado de Nuevo León, a cargo del Instituto de la Profesionalización a partir de 2019.",9fbb70cb-8c37-4e25-ab5f-ba6386cb3d35,2026-02-05T00:04:59.722043
Datos de Cultura para la Primera Infancia 2022-2023,Si,,Coordinación Técnica,Ricardo Tatevari Vázquez Carlos,2026-02-05,2024-08-09,Trimestral,octubre 2026,Cultura; Primera infancia,Secretaría de Cultura,Arte y Cultura,CSV,Creative Commons Attribution,Conjunto de datos de las actividades del Programa Cultura para la Primera Infancia en los ejercicios 2022 y 2023,f05be10f-2276-4c3a-8b74-987943f81afa,2026-02-05T00:04:09.610368
Estadística Penitenciaria de Ingresos,Si,,Agencia de Administración Penitenciaria de la Secretaría de Seguridad,Ana Luisa Dávila Alvarado,2026-01-14,2025-11-12,mensual,Noviembre 2026,Seguridad; evaluacion gobernador como vamos,Secretaría de Seguridad,Seguridad,CSV,Sin licencia especificada,Documento de referencia que define los conceptos empleados en la estadística de ingresos de población penitenciaria de los Centros de Reinserción Social del Estado de Nuevo León.,11bd967c-6068-43d3-9a9a-872f45e137ec,2026-01-14T20:12:35.188886
Estadística Penitenciaria de Egresos,Si,,Agencia de Administración Penitenciaria de la Secretaría de Seguridad,Ana Luisa Davila Alvarado,2026-01-14,2025-10-25,mensual,Noviembre 2026,Seguridad; evaluacion gobernador como vamos,Secretaría de Seguridad,Seguridad,CSV,Creative Commons Attribution,"Estadística de los egresos mensuales de personas privadas de la libertad en los diferentes Centros Penitenciarios del Estado de Nuevo León, correspondientes al periodo comprendido entre octubre de 2024 y septiembre de 2025.",463de2b2-1cc6-4ad3-9cfd-ed1ce5a4ca36,2026-01-14T20:10:53.235525
Estadística Penitenciaria,Si,,Agencia de Administración Penitenciaria de la Secretaría de Seguridad,Ana Luisa Dávila Alvarado,2026-01-14,2025-10-03,mensual,Noviembre 2026,Seguridad; evaluacion gobernador como vamos,Secretaría de Seguridad,Seguridad,CSV,Creative Commons Attribution,Estadística mensual de las personas privadas de la libertad en Centros Penitenciarios del Estado de Nuevo León,6e3ab009-a9c4-41d0-8558-62d2c20c82c3,2026-01-14T20:07:44.795534
Rutas por Empresa STC Metrorrey,Si,,SISTEMA DE TRANSPORTE COLECTIVO METRORREY,María Gabriela Martínez de la Rosa,2025-11-13,2025-11-13,Trimestral,Enero 2026,Movilidad; evaluacion gobernador como vamos,Sistema de Transporte Colectivo Metrorrey,,CSV,Creative Commons Attribution,"Rutas por Empresa Operando con corte acumulado de Octubre 2024 a Septiembre 2025 por Rutas de Transmetro y Líneas de Metro. 
",cf7095a0-5126-4bad-a046-35d5ba2b7968,2025-11-13T01:19:32.083103
Unidades del STCM,Si,,Sistema de Transporte Colectivo Metrorrey,María Gabriela Martínez de la Rosa,2025-11-13,2025-11-13,Trimestral,Enero 2026,Movilidad; evaluacion gobernador como vamos,Sistema de Transporte Colectivo Metrorrey,Movilidad y Transporte,CSV,Creative Commons Attribution,Conjunto de datos que contiene la información correspondiente a las unidades que prestan el Sistema de Transporte Colectivo Metrorrey para el periodo comprendido de octubre de 2024 a septiembre de 2025. ,f540222f-dfd8-47d0-a10a-8527e89be84c,2025-11-13T01:02:30.464163
Rutas y Empresas concesionarias,Si,,María Andrea Tonche Cossio,Jesús Cortez Hernández,2025-11-13,2025-11-12,Trimestral,Enero 2026,Movilidad; evaluacion gobernador como vamos,Instituto de Movilidad y Accesibilidad,Movilidad y Transporte,CSV,Creative Commons Attribution,"Conjunto de datos que contiene la información correspondiente a las rutas del transporte público y las empresas o concesionarios a las que se encuentran asociadas, para el periodo comprendido de octubre de 2024 a septiembre de 2025.

El conjunto incluye campos que describen la modalidad de la ruta, la fecha de inicio del permiso de operación, así como indicadores sobre el número de pasajeros transportados y los kilómetros recorridos durante el periodo señalado, entre otros datos administrativos y operativos.",a9cf7f08-2c6c-4f73-a304-7eb2406de1bf,2025-11-13T00:06:18.786576
Paradas Oficiales STC Metrorrey,Si,,SISTEMA DE TRANSPORTE COLECTIVO METRORREY,Maria Martinez,2025-11-12,2025-11-12,Trimestral,Diciembre 2026,,Sistema de Transporte Colectivo Metrorrey,Movilidad y Transporte,CSV,Sin licencia especificada,"Puntos de Paradas ofertadas en los Servicios de Rutas de Transmetro y Líneas de Metro.
Las Rutas de Transmetro tienen asignadas paradas oficiales, mientras que las líneas de metro, cuentan con estaciones de ascenso y descenso. ",74e80633-632c-4104-a84e-ce27f65802c4,2025-11-12T23:57:20.266890
Paradas,Si,,María Andrea Tonche Cossio,Jesús Cortez Hernández,2025-11-12,2025-11-12,Trimestral,Enero 2026,Movilidad; evaluacion gobernador como vamos,Instituto de Movilidad y Accesibilidad,Movilidad y Transporte,CSV,Creative Commons Attribution,Conjunto de datos que muestra paradas de transporte público a cargo del Instituto de Movilidad y Accesibilidad correspondientes al periodo comprendido de octubre de 2024 a septiembre de 2025.,8e733b18-0a06-4188-9041-9b6422b156b2,2025-11-12T23:56:30.543883
Información del Sistema de Transporte Público SETME 2024–2025,Si,,Instituto de Movilidad y Accesibilidad,María Andrea Tonche Cossio,2025-11-12,2025-11-12,Trimestral,Diciembre 2026,Movilidad; Paradas; Rutas; Transporte,Instituto de Movilidad y Accesibilidad,Movilidad y Transporte,CSV,Open Data Commons Attribution License,"Conjuntos de datos que describen distintos componentes del sistema de transporte público, correspondientes al periodo comprendido de octubre de 2024 a septiembre de 2025.

Los conjuntos incluyen información sobre las rutas y empresas concesionadas, las paradas que conforman su operación y las unidades vehiculares registradas durante el periodo señalado. En conjunto, estos archivos permiten consultar aspectos administrativos, operativos y técnicos del servicio, tales como la modalidad de las rutas, fechas de permiso de operación, volumen de pasajeros y kilómetros recorridos, así como referencias web de consulta por ruta, identificadores anonimizados de las unidades, tipo de combustible, capacidad de pasajeros, antigüedad y coberturas de seguro.",89f1df19-85d2-4ac7-8239-dd2a852c7bb0,2025-11-12T17:34:18.700799
Denuncias de maltrato animal,Si,,Procuraduría Estatal de Medio Ambiente,Stefany Fabiola Yañez Cantu,2025-11-07,2025-10-08,Trimestral,Enero 2026,administracion; evaluacion gobernador como vamos,Secretaría de Medio Ambiente,Medio Ambiente,CSV,Open Data Commons Attribution License,"Conjunto de datos que muestra las denuncias de maltrato animal interpuestas ante la Procuraduría Estatal de Medio Ambiente durante el periodo de octubre del año 2024 a septiembre del año 2025, precisando que en fechas futuras se publicara el trimestre que comprende octubre a diciembre del ejercicio 2025. ",cf7eebca-83f2-40db-bd30-32de3f5dd425,2025-11-07T23:52:09.311325
Fuentes de agua,Si,,Coordinación de Planeación Hídrica,Carlos Hernández,2025-11-07,2025-10-27,Anual,octubre 2026,Agua; evaluacion gobernador como vamos; servicios,"Servicios de Agua y Drenaje de Monterrey, I.P.D.",Infraestructura; Medio Ambiente,CSV,Open Data Commons Attribution License,Conjunto de datos sobre el origen y cantidad de fuentes de abastecimiento de agua por municipio.,17ef0ad5-dc1a-4f22-83b9-66cf6845be93,2025-11-07T23:51:12.700151
Uso de agua,Si,,Coordinación de Planeación Hídrica,Carlos Hernández,2025-11-07,2025-10-27,Anual,octubre 2026,Agua; evaluacion gobernador como vamos; servicios,"Servicios de Agua y Drenaje de Monterrey, I.P.D.",Infraestructura,CSV,Open Data Commons Attribution License,"Conjunto de datos que integra información sobre el uso y disponibilidad del recurso hídrico en la red de abastecimiento del organismo operador, generada durante el periodo de octubre 2024 a agosto de 2025",ac8539c7-0c4b-4845-a53c-58f46c90cf7c,2025-11-07T23:50:41.936734
Agua reutilizada,Si,,Coordinación de Planeación Hídrica,Carlos Hernández,2025-11-07,2025-10-27,Anual,octubre 2026,Agua; evaluacion gobernador como vamos; servicios,"Servicios de Agua y Drenaje de Monterrey, I.P.D.",Infraestructura; Medio Ambiente,CSV,Open Data Commons Attribution License,Conjunto de datos que muestra los volúmenes de agua reutilizada contratada y facturada por empresas generada durante el periodo de octubre 2024 a agosto de 2025,2f7dcf16-be70-4ce7-a92e-b9c3f4850016,2025-11-07T23:50:04.594133
Infraestructura de agua,Si,,Coordinación de Planeación Hídrica,Carlos Hernández,2025-11-07,2025-10-27,Anual,octubre 2026,Agua; evaluacion gobernador como vamos; servicios,"Servicios de Agua y Drenaje de Monterrey, I.P.D.",Infraestructura,CSV,Open Data Commons Attribution License,"Conjunto de datos que muestra la configuración principal de infraestructura instalada de agua potable actualmente disponible en la red del organismo operador, se precisa que su actualización es anual",3a92b539-2135-4dd6-b8ac-9168da34a700,2025-11-07T23:49:27.773184
Convenios,Si,,Dirección Jurídica,Coordinación Consultiva,2025-10-27,2024-08-02,Anual,Octubre 2026,Administración,Secretaría de Administración,Administración,CSV,Open Data Commons Attribution License,"Conjunto de datos que incluye los convenios de las dependencias del Gobierno del estado de Nuevo León con instituciones académicas, públicas y privadas, a partir del 2013.",e390bce6-5e3d-4b71-8f79-23c6cccec0d4,2025-10-27T23:22:00.779487
Personal de las dependencias por rango de edad,Si,,Dirección Central de Capital Humano,,2025-10-13,2024-08-02,Anual,agosto 2026,Administración,Secretaría de Administración,Administración,CSV,Open Data Commons Attribution License,Contiene información del personal de las dependencias del Gobierno del estado de Nuevo León segmentado por rango de edad.,7d2dc127-4073-42a0-b078-f83de1ace222,2025-10-13T16:54:31.512067
Consulta General y Especialidades,Si,http://www.dgis.salud.gob.mx/contenidos/basesdedatos/bdc_serviciossis_gobmx.html,Dirección de Planeación,Francisco Antonio Carrizales Cavazos,2025-10-10,2025-10-09,Anual,Octubre 2026,evaluacion gobernador como vamos; salud; servicios,Secretaría de Salud,Salud,CSV,Open Data Commons Attribution License,Conjunto de datos que muestra las consultas médicas externas realizadas en unidades médicas de los Servicios de Salud de Nuevo León generadas durante el periodo de octubre 2024 hasta agosto 2025.,544da164-1bc7-4c41-8758-fc4f572ec1aa,2025-10-10T22:53:40.763016
Salud Bucal,Si,http://www.dgis.salud.gob.mx/contenidos/basesdedatos/bdc_serviciossis_gobmx.html,Dirección de Planeación,Francisco Antonio Carrizales Cavazos,2025-10-10,2025-10-09,Anual,Octubre 2026,evaluacion gobernador como vamos; salud; servicios,Secretaría de Salud,Salud,CSV,Open Data Commons Attribution License,Conjunto de datos que muestra las atenciones odontológicas otorgadas en las unidades médicas de los Servicios de Salud de Nuevo León generadas durante el periodo de octubre 2024 hasta agosto 2025.,0bbed872-7388-4510-b21d-9924be3852e8,2025-10-10T22:52:55.678799
Salud Mental,Si,http://www.dgis.salud.gob.mx/contenidos/basesdedatos/bdc_serviciossis_gobmx.html,Dirección de Planeación,Francisco Antonio Carrizales Cavazos,2025-10-10,2025-10-10,Anual,Octubre 2026,evaluacion gobernador como vamos; salud; servicios,Secretaría de Salud,Salud,CSV,Open Data Commons Attribution License,Conjunto de datos que muestra las consultas  de salud mental otorgadas en las unidades médicas de los Servicios de Salud de Nuevo León generadas durante el periodo de octubre 2024 hasta agosto 2025.,ca2d8b92-af03-4d7f-a0f3-d5799b8e6795,2025-10-10T22:52:30.019188
Diagnósticos comunitarios,Si,,Dirección de Organización Ciudadana,Luis Fernando Valtierra Díaz ,2025-09-18,2024-08-07,Cuatrimestral,agosto 2025,Innovación; Participación ciudadana,Secretaría de Participación Ciudadana,Participación,CSV,Open Data Commons Attribution License,Datos sobre los diagnósticos realizados en distintas comunidades y colonias del estado de Nuevo León.,5f5ab64f-49e8-40e1-8c3c-5d3b7e0e55d2,2025-09-18T18:36:44.840881
Audiencias Públicas,Si,,Dirección de Implementación de Instrumentos y Mecanismos de Participación Ciudadana,Rut Montemayor,2025-09-17,2024-08-02,Anual,mayo 2026,Participación ciudadana,Secretaría de Participación Ciudadana,Participación; Transparencia y Combate a la Corrupción,CSV,Open Data Commons Attribution License,Conjunto de datos que muestra el total de audiencias públicas que procedieron en el Gobierno del Estado de Nuevo León en la Administración Pública Estatal durante 2023-2025. ,055312e0-7f27-4835-9e6e-1dae93e33580,2025-09-17T16:41:27.326474
